	name	latitude	longitude	scores	category	price	address	product	decoration	service
2	萨莎	31.210435036000884	121.44510901785239	40.0	酒吧	149.0	徐汇区东平路11号	7.3	8.4	7.4
12	宝莱纳餐厅	31.224529453160144	121.46548747231772	40.0	酒吧	165.0	卢湾区太仓路181弄新天地北里19-20号	7.7	8.1	7.3
78	九重天酒廊	31.237057050639958	121.50141330438989	35.0	酒吧	164.0	浦东新区世纪大道88号金茂君悦大酒店87楼	7.0	8.5	7.8
81	凯博西餐酒吧	31.224936988014598	121.4660508883302	40.0	酒吧	123.0	卢湾区太仓路181弄新天地北里5号楼	8.1	8.3	8.3
113	马龙美式餐厅	31.228202840545407	121.44521170551964	30.0	酒吧	88.0	静安区铜仁路255号	6.8	7.3	6.7
221	硬石酒吧	31.303591130236427	121.50516119712688	30.0	酒吧	41.0	杨浦区政通路315号	6.1	6.3	6.5
262	璐娜西餐厅酒吧	31.222866385932534	121.47020636570016	30.0	酒吧	117.0	卢湾区新天地北里太仓路181弄16号1单元	6.8	7.5	6.8
316	外滩啤酒总汇	31.238597270361453	121.48459306742097	35.0	酒吧	170.0	黄浦区汉口路11号	6.8	7.4	7.0
432	夜来香	31.221854201272844	121.45520263491031	35.0	酒吧	87.0	卢湾区茂名南路58号花园饭店3楼	6.7	7.9	7.5
435	Old Times	31.207174011130334	121.44256380780833	30.0	酒吧	59.0	徐汇区衡山路85号	5.8	6.5	6.3
455	DR	31.22197141732318	121.4704371737185	40.0	酒吧	121.0	卢湾区太仓路181弄新天地北里15号楼	7.8	8.4	7.7
464	棉花俱乐部	31.212495659836005	121.44324478658721	30.0	酒吧	133.0	徐汇区淮海中路1428号	6.8	7.3	6.7
517	贝尼	31.20529780198852	121.44134144004103	30.0	酒吧	71.0	徐汇区永嘉路705号	6.4	6.6	6.6
595	C's 酒吧	31.208681623569067	121.41906810769603	30.0	酒吧	44.0	长宁区定西路685号B1楼	6.1	6.3	6.2
598	Windows TOO	31.22554479230505	121.44170041947616	30.0	酒吧	50.0	静安区南京西路1618号久光百货2楼	6.3	6.5	6.3
603	CJW爵士酒吧	31.22167391648394	121.47057262903748	35.0	酒吧	159.0	卢湾区兴业路123弄新天地南里2号4单元	6.9	7.9	7.2
653	摩砚	31.207459120915377	121.44213288297252	30.0	酒吧	99.0	徐汇区衡山路10号	6.5	7.7	6.9
744	吟之屋酒吧	31.21872108217506	121.42065873802171	20.0	酒吧	55.0	长宁区宣化路233号	5.7	6.1	6.2
778	老第坊	31.222231471686612	121.47012616664168	30.0	酒吧	87.0	卢湾区太仓路181号新天地北里内	6.5	6.8	6.6
784	3D Art Bar	31.19324585060314	121.38302585435062	30.0	酒吧	69.0	闵行区虹梅路3338弄2号虹梅休闲街11号	6.4	6.8	6.5
801	威斯汀丽心吧	31.234404680223324	121.4823456351023	40.0	酒吧	101.0	黄浦区河南中路88号上海威斯汀大饭店2楼	7.7	8.1	8.0
811	库雪茄吧	31.204798315672807	121.40120081130044	30.0	酒吧	89.0	长宁区延安西路2099号扬子江万丽酒店1楼	6.5	7.1	7.0
855	JW's酒廊	31.232691952596422	121.46482893775443	35.0	酒吧	99.0	静安区南京西路399号JW万豪酒店40楼	7.0	8.4	7.7
867	Zapata's Mexican Cantina	31.210189838348903	121.44493866213931	30.0	酒吧	119.0	徐汇区衡山路5号	6.7	7.6	6.7
877	Piano Bar	31.236892371375657	121.50116241109863	40.0	酒吧	151.0	浦东新区世纪大道88号金茂君悦大酒店53楼	7.4	8.8	8.2
1037	blue frog蓝蛙	31.242246104584076	121.57865444586521	40.0	酒吧	120.0	浦东新区碧云路633号体育休闲中心1楼R3号	7.9	8.5	8.3
1217	Harley's Bar	31.191189931539117	121.43374856412491	30.0	酒吧	39.0	徐汇区南丹东路265号地下室	6.2	6.7	6.5
1233	Bar Rouge	31.240398235756	121.48520504923351	40.0	酒吧	233.0	黄浦区中山东一路18号外滩十八号7楼	7.4	8.8	7.5
1323	Big Bamboo	31.229912213461827	121.44688634148861	35.0	酒吧	93.0	静安区南阳路132号波特曼后门	7.4	8.1	7.3
1369	Judy's	31.22667899432411	121.44598356605259	30.0	酒吧	53.0	静安区铜仁路142-146号	6.6	6.9	7.0
1411	巴赫酒廊	31.203592826562943	121.43905203993678	30.0	酒吧	67.0	徐汇区衡山路516号富豪环球东亚酒店1楼	6.7	6.9	7.0
1449	顿迪酒吧	31.205247587271998	121.44120115851487	30.0	酒吧	104.0	徐汇区衡山路281号	6.0	6.5	6.8
1464	爵士酒吧	31.21260749492402	121.4402786633781	35.0	酒吧	130.0	徐汇区复兴西路46号	7.4	8.0	7.5
1480	芭芭露莎	31.23325194574206	121.46650797106501	40.0	酒吧	115.0	黄浦区南京西路231号人民公园内人工湖	7.3	8.7	7.7
1605	游廊酒吧	31.225787200468144	121.52397390882629	30.0	酒吧	85.0	浦东新区东方路889号红塔豪华精选酒店1楼	6.1	6.3	6.5
1622	米罗酒吧	31.204200909280704	121.42941067142364	30.0	酒吧	58.0	长宁区法华镇路17号	6.5	6.7	6.9
1626	哇吧	31.18101105672143	121.38289703797386	35.0	酒吧	60.0	闵行区吴中路1050号盛世莲花广场A栋	7.4	7.8	7.7
1943	哈鲁	31.206602726196497	121.4422431868018	20.0	酒吧	68.0	徐汇区衡山路237号	5.7	6.1	6.2
2003	Eagle’s	31.229045898199363	121.55499367192805	30.0	酒吧	58.0	浦东新区芳甸路199弄证大大拇指广场内	6.6	6.9	6.8
2057	丽嘉酒吧	31.22880768307087	121.4473825827643	40.0	酒吧	141.0	静安区南京西路1357号波特曼大酒店2楼	7.6	8.3	8.1
2110	288现场音乐吧	31.209441102756564	121.46330641433643	35.0	酒吧	125.0	卢湾区泰康路288号2楼	6.8	7.6	7.4
2138	船长酒吧	31.23736151379033	121.4851701871773	40.0	酒吧	83.0	黄浦区福州路37号船长酒店6搂	7.2	8.7	7.8
2222	柒酒廊	31.231629574265526	121.51729048910315	35.0	酒吧	94.0	浦东新区张杨路777号锦江汤臣洲际大酒店1楼	6.7	7.8	7.0
2324	丽笙星空酒吧	31.236404006066987	121.46864028071342	40.0	酒吧	118.0	黄浦区南京西路88号新世界丽笙大酒店47楼	7.9	8.4	8.3
2392	莱克酒吧	31.249561659514317	121.57154413159147	35.0	酒吧	57.0	浦东新区云山路1419号	7.1	7.5	7.4
2420	WHY BAR	31.22670779086359	121.46952388246518	35.0	酒吧	74.0	卢湾区黄陂南路35号	7.0	8.0	7.8
2468	彩云轩	31.22104696026503	121.44055848997228	30.0	酒吧	160.0	静安区华山路250号希尔顿酒店40楼	6.4	6.9	6.7
2617	袋鼠酒吧	31.21257199829275	121.45846227783453	45.0	酒吧	54.0	卢湾区永嘉路35号	8.1	8.3	9.0
2649	MT Club	31.225316530312707	121.43969640926538	30.0	酒吧	288.0	静安区愚园路218号百乐门2楼	6.1	6.6	6.5
3382	JW万豪大堂酒廊	31.232371896535437	121.46514591769771	40.0	酒吧	167.0	静安区南京西路399号明天广场JW万豪酒店38楼	7.7	8.4	8.1
4861	冠军吧	31.193357570094165	121.37216344773144	30.0	酒吧	119.0	长宁区虹桥路2270号万豪虹桥大酒店1楼	6.8	7.1	6.9
4879	美丽时光酒吧	31.229539104354085	121.55577543495632	35.0	酒吧	62.0	浦东新区芳甸路199弄证大大拇指广场12号	7.4	7.9	7.5
5159	龙之梦大堂酒廊	31.21296558188149	121.42576497573572	35.0	酒吧	135.0	长宁区延安西路1116号龙之梦大酒店1楼	6.9	8.1	7.8
5188	金门大酒店酒吧	31.236112677955393	121.4680785586122	30.0	酒吧	42.0	黄浦区南京西路108号金门大酒店1楼	6.5	7.4	7.2
5204	Cotton's	31.203604641455538	121.44307519669853	40.0	酒吧	119.0	徐汇区安亭路132号	7.6	8.7	8.0
5376	喜来登大堂酒廊	31.20549099777897	121.40090076654388	35.0	酒吧	110.0	长宁区遵义南路5号虹桥喜来登上海太平洋大饭店1楼	7.2	8.1	7.8
5750	LIVEBAR	31.29622810812423	121.52089751996189	30.0	酒吧	73.0	杨浦区国顺东路800号	6.5	6.6	6.8
5827	紫金山大酒店大堂酒吧	31.230058742793315	121.51918721061467	30.0	酒吧	90.0	浦东新区东方路778号紫金山大酒店底楼	6.5	7.1	6.8
5902	嘉木堂酒吧	31.22012245008699	121.43114187111063	30.0	酒吧	60.0	长宁区东诸安浜路57号	6.4	6.8	6.8
6061	Beedees Coffee & Bar	31.22721828442891	121.46108341329837	30.0	酒吧	47.0	静安区大沽路433号	6.6	7.1	7.0
6298	好梦酒吧	31.383207649208888	121.48809698161293	30.0	酒吧	83.0	宝山区水产路	6.2	6.5	6.3
6335	淳大万丽酒店大堂酒吧	31.22600241164782	121.54797656843611	30.0	酒吧	76.0	浦东新区长柳路100号淳大万丽酒店1楼	6.7	7.1	7.0
7155	Bar Gatsby Cocktail & Bourbon	31.227201606633763	121.45953400992155	40.0	酒吧	68.0	静安区大沽路488号	7.9	8.1	8.2
7261	789 Bar	31.23656385377502	121.47163573939426	40.0	酒吧	141.0	黄浦区南京东路789号世茂皇家艾美酒店64-66楼	7.3	8.6	8.0
7267	裕景大堂酒廊	31.24301343401173	121.51592474876647	35.0	酒吧	76.0	浦东新区浦东大道535号裕景大饭店大堂	7.1	7.6	7.6
7676	Oscar's Pub	31.212406997125367	121.4455949294678	40.0	酒吧	88.0	徐汇区复兴中路1377号	7.8	8.0	8.1
7682	The Glamour Bar	31.23643003306065	121.48622897484465	45.0	酒吧	142.0	黄浦区广东路20号外滩5号6楼	8.0	9.0	8.6
8085	和平饭店爵士吧	31.240925762715214	121.48512472342317	50.0	酒吧	206.0	黄浦区南京东路20号和平饭店1楼	8.6	9.1	9.1
8389	8 Balance	31.20930269595101	121.39720100719224	30.0	酒吧	150.0	长宁区古北路555弄虹桥华庭5号楼103室	6.5	6.7	6.7
8476	Eddy's Bar	31.205401124586075	121.43313631745964	35.0	酒吧	45.0	徐汇区淮海中路1877号	7.2	7.9	7.7
8672	Sky Bar	31.221854201272844	121.45520263491031	40.0	酒吧	108.0	卢湾区茂名南路58号花园饭店33楼	7.2	8.2	7.9
9289	SUS2 MUSIC BAR	31.20871860277978	121.41906410085745	35.0	酒吧	83.0	长宁区定西路685号	7.3	7.7	7.5
9346	Enoterra红酒吧	31.216577194522394	121.4423826128036	40.0	酒吧	120.0	徐汇区安福路55号	8.1	8.3	8.1
9587	佛罗伦琴酒吧	31.225249614411165	121.52475658117073	30.0	酒吧	69.0	浦东新区东方路899号浦东假日酒店1楼	6.7	7.5	6.8
9838	KOALA BAR	31.201951678164875	121.42457447336515	35.0	酒吧	47.0	长宁区淮海西路280号	7.2	7.6	7.4
9907	金洋咖啡吧	31.217835231502743	121.45009999791365	40.0	酒吧	52.0	徐汇区东湖路7号东湖宾馆内	7.4	7.8	8.1
9950	Yesterday Pub	31.22337346054982	121.46040681095126	30.0	酒吧	50.0	卢湾区长乐路	6.4	7.1	7.1
10729	田子坊弄堂酒吧	31.209898524912152	121.46477072733546	35.0	酒吧	80.0	卢湾区泰康路258号田子坊	7.1	7.9	7.5
11573	The Shelter	31.213701341797957	121.43928661719134	35.0	酒吧	87.0	徐汇区永福路5号	6.8	7.6	6.9
12384	British Bar	31.246326122232357	121.48539520695473	30.0	酒吧	150.0	虹口区北苏州路20号上海大厦1楼	6.6	7.1	6.9
12649	Ci5 Cafe & Champagne Bar	31.20689944366433	121.43528983238899	40.0	酒吧	104.0	徐汇区淮海中路1797号	7.8	7.6	8.0
12743	翡翠36酒吧	31.23771545838253	121.49465886512715	45.0	酒吧	129.0	浦东新区富城路33号香格里拉大酒店紫金楼36楼	8.0	9.1	8.7
13104	海獭酒吧	31.210019164265166	121.44718375029763	30.0	酒吧	52.0	徐汇区岳阳路28号	6.7	6.8	7.3
13241	Ladyrose Bar	31.27124986595449	121.60280571574513	35.0	酒吧	40.0	浦东新区张桥佳林路84号	6.8	7.2	7.2
13378	House of Blues & Jazz	31.237428164847255	121.48471760161027	40.0	酒吧	185.0	黄浦区福州路60号	7.8	8.5	8.0
13806	非常时髦酒吧	31.247388175946973	121.48897773719047	40.0	酒吧	154.0	虹口区黄浦路199号上海外滩茂悦大酒店西楼32楼	7.7	9.3	8.1
14196	The Park Tavern	31.198822374430378	121.43597173619206	35.0	酒吧	96.0	徐汇区衡山路840号	7.5	8.0	7.6
14234	蓝堡啤酒屋	31.229161016493173	121.51055689920881	40.0	酒吧	97.0	浦东新区浦东南路1138号上海湾广场118室	7.5	8.1	7.9
15146	酒池星座 Constellation	31.219573300658702	121.45053491177474	45.0	酒吧	109.0	徐汇区新乐路86号	8.8	8.1	8.5
15447	高歌酒吧	31.234263982968535	121.39714884486578	30.0	酒吧	165.0	普陀区金沙江路588号2楼	6.0	6.2	6.4
15539	蓝毗尼	31.209824782047072	121.46445980354488	35.0	酒吧	74.0	卢湾区泰康路248弄田子坊12号	7.1	7.8	7.9
16197	WINDOWS	31.233025511582994	121.45936302624678	30.0	酒吧	64.0	静安区南京西路702号	6.8	7.2	6.8
17380	福朋喜来登酒店大堂吧	31.27557813357021	121.44743264205421	30.0	酒吧	119.0	闸北区共和新路1928号大宁福朋喜来登酒店1楼大堂	6.6	8.0	6.6
18144	Mokkos	31.226900627309128	121.4289981043302	50.0	酒吧	80.0	长宁区武定西路1245号103室	9.1	8.9	9.1
18379	Shanghai Studio	31.205740796136062	121.43301609133952	35.0	酒吧	80.0	徐汇区淮海中路1950弄4号	6.9	7.2	7.4
18591	Kiitos	31.211975857824147	121.43909639822414	40.0	酒吧	69.0	徐汇区永福路127号	7.7	7.7	8.2
19987	BM Club	31.23852743921601	121.43907905918024	30.0	酒吧	552.0	静安区余姚路34号同乐坊16号楼	6.1	6.6	6.7
20281	SKY Club	31.23858118859811	121.43831258682242	30.0	酒吧	577.0	静安区余姚路74号	6.3	6.9	6.8
21381	AARON 5 Bar	31.209898524912152	121.46477072733546	35.0	酒吧	77.0	卢湾区泰康路258号田子坊15号	7.0	7.5	7.5
21406	吧39	31.22129712009354	121.44072380024312	40.0	酒吧	98.0	静安区华山路250号希尔顿酒店39楼	7.5	8.1	8.1
21964	M1NT	31.236484440952257	121.47979673055579	45.0	酒吧	436.0	黄浦区福州路318号浦汇大厦24楼	8.4	9.2	8.7
22090	Bell Cafe&Bar	31.210627146300926	121.46435943484828	40.0	酒吧	86.0	卢湾区泰康路248弄11号后门	7.5	8.6	8.1
22278	Kee Club	31.2204650189554	121.45836131640169	40.0	酒吧	759.0	卢湾区淮海中路796号3-4楼	7.7	9.1	8.7
22431	柏悦酒店大堂酒吧	31.23659766861241	121.50354605340202	40.0	酒吧	160.0	浦东新区世纪大道100号上海环球金融中心上海柏悦酒店87楼	7.8	9.1	8.4
22593	I Love Shanghai Lounge	31.230145437340763	121.43917497290312	30.0	酒吧	84.0	静安区新闸路1788号3楼	6.5	6.9	7.0
22781	03迪斯科	31.15724036937031	121.34342897991392	30.0	酒吧	40.0	闵行区七莘路3155号七宝星钻城4楼	6.2	6.6	6.5
23178	酒池星座	31.213044069561946	121.4594449816098	50.0	酒吧	106.0	卢湾区永嘉路31号2楼	9.1	8.9	8.7
23504	世纪100酒吧	31.23659766861241	121.50354605340202	40.0	酒吧	167.0	浦东新区世纪大道100号上海环球金融中心上海柏悦酒店92楼	7.8	8.8	8.2
23964	TORRES LA VINOTECA	31.21800358198891	121.45031049745728	35.0	酒吧	255.0	徐汇区东湖路20号	6.9	7.6	7.5
24595	南十字星	31.21574008276505	121.44700283751918	45.0	酒吧	103.0	徐汇区淮海中路1276号	8.2	8.2	8.8
24807	BIN74	31.212665803335955	121.43864547126947	40.0	酒吧	99.0	徐汇区复兴西路74号	7.9	8.2	8.2
25301	哥莉酒吧	31.20601009903087	121.4411309496556	30.0	酒吧	165.0	徐汇区衡山路	6.6	7.2	6.9
25405	北外滩之夜酒吧	31.24939264198449	121.48501361082072	35.0	酒吧	133.0	虹口区吴淞路205号恒升半岛国际酒店26楼B	7.2	7.9	7.6
26594	蓝蚂酒吧	31.28366258562909	121.5029910492045	30.0	酒吧	42.0	杨浦区彰武路18号同济联合广场E楼216室	6.5	6.8	6.7
26973	Nancy's Bar	31.193460024151648	121.3839499965823	30.0	酒吧	80.0	闵行区虹梅路3338弄2号虹梅休闲街12号	6.2	6.8	6.6
27789	CLUB CD SOHO	31.20812708095355	121.44286435811996	35.0	酒吧	351.0	徐汇区衡山路4号领馆广场内	6.9	7.6	7.4
27904	搜浩No.88酒吧	31.219040291069746	121.44791466942107	35.0	酒吧	281.0	徐汇区富民路291号悟锦世纪大厦2楼	6.7	7.4	7.3
28405	Bar 99	31.193013661656945	121.4076326342802	30.0	酒吧	94.0	长宁区古羊路427号3楼	6.7	7.2	7.1
28532	B&C BAR	31.23735362094102	121.4400861327492	30.0	酒吧	45.0	静安区西康路685号	6.6	6.7	6.9
28730	杰克的酒窝	31.218886126605693	121.4778516682574	45.0	酒吧	69.0	黄浦区肇周路76号	8.6	8.3	8.8
28731	Free Soul	31.21678528658722	121.43765925170831	30.0	酒吧	48.0	徐汇区长乐路1221号	6.5	7.0	6.9
29267	Southern Belle (美之美汁咖啡酒吧)	31.220489366082997	121.44979903637162	40.0	酒吧	97.0	卢湾区长乐路433号	8.0	8.2	7.9
29342	Zpark Bar	31.220801876538985	121.41241222247803	45.0	酒吧	89.0	长宁区长宁路1018号龙之梦万丽酒店25楼	8.2	9.0	8.4
29535	谊桥咖啡酒吧	31.246507300167153	121.48616789873248	35.0	酒吧	54.0	虹口区大名路30号	7.1	7.7	7.5
29624	葡道	31.208796832536674	121.43480883326377	45.0	酒吧	108.0	徐汇区武康路376号武康庭102室	8.6	8.7	8.4
29653	Ricky's Bar	31.242796497123187	121.52692732082541	40.0	酒吧	102.0	浦东新区浦东大道930号	7.4	7.9	7.9
35747	炫吧	31.116156611730133	121.22016882506944	35.0	酒吧	88.0	松江区泗陈公路3388弄东方佘山索菲特大酒店2楼	6.7	7.7	7.1
35880	The Red Moon Pub	31.21214429245348	121.55362585755171	30.0	酒吧	130.0	浦东新区梅花路949号	6.5	6.8	6.7
36170	The Chalet	31.209569821658324	121.45138387808277	45.0	酒吧	84.0	徐汇区永嘉路385弄	8.3	8.4	8.4
36360	典尚红酒吧	31.197259648183053	121.39676217029765	45.0	酒吧	115.0	长宁区黄金城道701号	8.4	8.6	8.9
37365	开巴	31.209578287036965	121.4191941439161	40.0	酒吧	84.0	长宁区定西路739号	8.0	8.2	8.0
37449	c&c餐厅	31.21377767047272	121.42621547719025	30.0	酒吧	22.0	长宁区延安西路1066号瑞峰公寓酒店1楼	6.6	6.9	6.8
37618	Dada	31.207059022642294	121.42633621676366	35.0	酒吧	77.0	长宁区幸福路115号	7.0	7.4	7.4
38301	FULL HOUSE coffee bar	31.206442698824567	121.44218307549995	35.0	酒吧	58.0	徐汇区衡山路298-2号临	7.3	7.7	7.6
38305	西玛XIMA	31.20532789010295	121.44140156023703	30.0	酒吧	82.0	徐汇区衡山路703号	6.4	6.8	7.3
38887	岛pub	31.22299075736023	121.46534532689535	30.0	酒吧	50.0	卢湾区雁荡路6号	6.5	6.7	6.7
40117	查理酒吧	31.204476312542788	121.42443408645612	30.0	酒吧	95.0	长宁区番禺路400号	6.5	6.9	6.8
40270	斯格威铂尔曼Blu Bar	31.206243178363252	121.46670188936254	35.0	酒吧	81.0	卢湾区打浦路15号斯格威铂尔曼大酒店50楼	7.1	8.1	7.8
40280	半岛酒店引航酒吧	31.24346686218299	121.4845224044675	40.0	酒吧	207.0	黄浦区中山东一路32号半岛酒店1楼	7.4	8.0	7.9
40287	半岛酒店玲珑酒廊	31.24350450217171	121.48474818836485	40.0	酒吧	145.0	黄浦区中山东一路32号半岛酒店B1楼	8.1	8.4	8.3
41450	52Riverside	31.197834211142535	121.68886057695032	35.0	酒吧	61.0	浦东新区民贤路52号	6.9	7.2	7.1
41511	SBS191	31.20695995632686	121.44247363729905	30.0	酒吧	92.0	徐汇区衡山路191号	6.1	6.5	6.4
41655	长吧	31.224140634946007	121.44351435283565	45.0	酒吧	163.0	静安区常德路1号璞丽酒店1楼	8.0	9.1	8.4
41873	藏宝	31.228499047805606	121.43076056019514	35.0	酒吧	78.0	静安区武定西路1180-2号	6.9	7.2	7.1
42048	HONEY酒吧	31.216879582298752	121.45150354421071	30.0	酒吧	187.0	徐汇区淮海中路1045号新淮海国际广场2楼	6.5	6.8	6.7
42445	蓝堡啤酒花园	31.19725014392371	121.39501272316608	40.0	酒吧	97.0	长宁区黄金城道706号	7.6	8.2	8.4
42735	HIGHLAND	31.01940567052534	121.42776437048718	35.0	酒吧	33.0	闵行区东川路847号	7.0	8.0	7.9
42783	el CÓCTEL	31.213242707283136	121.43937683248184	50.0	酒吧	121.0	徐汇区永福路47号2楼	9.1	8.8	8.9
43111	2：0 one piece bar	31.160397892311487	121.41629000476428	35.0	酒吧	50.0	徐汇区钦州南路559号	7.1	7.5	7.5
43631	这儿酒吧	31.11563694011018	121.04924289290668	40.0	酒吧	48.0	青浦区朱家角镇西井街118号	7.7	8.3	8.3
43756	RICE BAR	31.20681724571925	121.42000914369802	35.0	酒吧	50.0	长宁区法华镇路532号	6.8	7.2	7.4
44118	Rhumerie Bounty	31.235317730098757	121.44530228993915	35.0	酒吧	76.0	静安区武定路550号	7.6	7.8	7.4
50555	丽思卡尔顿行政酒廊	31.238638691645185	121.49687677648394	40.0	酒吧	448.0	浦东新区世纪大道8号上海国金中心丽思卡尔顿酒店49楼	7.5	8.1	8.1
51112	The Camel Bar	31.210831396293507	121.4475044230562	40.0	酒吧	104.0	徐汇区岳阳路1号	7.7	8.2	7.6
51162	The Music Room	31.236621858987625	121.50328009028652	35.0	酒吧	156.0	浦东新区世纪大道100号上海环球金融中心92楼	7.5	8.0	7.4
54118	瑞Red Lounge	31.19237787914366	121.38958582262119	30.0	酒吧	159.0	长宁区虹许路788号名都城俱乐部后廊	6.6	6.9	6.8
54335	酒藏坊	31.233571873844294	121.44758263476021	40.0	酒吧	116.0	静安区陕西北路527号	7.6	7.8	7.9
54456	Shiva Lounge	31.213478708880785	121.43944694866079	35.0	酒吧	62.0	徐汇区永福路47号102室	6.8	7.2	7.1
54604	OBAMA Club	31.20438551128027	121.40347088090171	35.0	酒吧	146.0	长宁区延安西路2088号嘉顿商业广场B201	7.3	7.8	7.4
54704	独家记忆咖啡酒吧	31.05164490876775	121.19448582568843	30.0	酒吧	23.0	松江区大学城四期文汇路1028号2楼	6.6	6.9	6.9
54805	罗斯福公馆	31.242353171618724	121.48548586401793	40.0	酒吧	259.0	黄浦区外滩中山东一路27号	7.3	8.5	8.1
55079	和平饭店茉莉酒廊	31.240908250886267	121.48460290396162	50.0	酒吧	291.0	黄浦区南京东路20号和平饭店1层	8.7	9.2	9.2
55081	Cin Cin Wine & Cigar Lounge	31.24109698337123	121.48488386774882	35.0	酒吧	116.0	黄浦区南京东路20号和平饭店大堂夹层	7.2	7.6	7.9
55168	696LIVE	31.261054790691535	121.4770553825822	35.0	酒吧	70.0	虹口区四川北路1727弄11-8号	7.3	7.4	7.3
55369	蓝枪鱼西餐酒吧	31.24432827702059	121.57878442697793	40.0	酒吧	126.0	浦东新区蓝天路689号	8.0	8.6	8.0
55510	乌托邦酒吧	31.385934374463556	121.23746920513595	30.0	酒吧	59.0	嘉定区梅园路226号	6.5	6.8	6.8
55661	地平线	31.206338069684577	121.42192110571996	40.0	酒吧	77.0	长宁区法华镇路455-4号	7.6	7.9	8.1
55829	Red Passion	31.244572411145448	121.49967136662562	40.0	酒吧	114.0	浦东新区陆家嘴环路1288号上海凯宾斯基大酒店30楼	7.6	8.2	8.0
55985	PHEBE 3D CLUB	31.207321291991722	121.44219302001424	35.0	酒吧	337.0	徐汇区衡山路10号欧登大厦1楼	7.2	8.0	7.8
56197	N Square	31.204687464431224	121.44037353955028	30.0	酒吧	53.0	徐汇区衡山路306号	6.5	6.8	6.7
56506	Tam O'Shanter	31.213341864107576	121.43950206813487	30.0	酒吧	95.0	徐汇区永福路47号104座	6.8	7.1	7.0
57151	CLUB S2	31.226779608520825	121.47576403134057	40.0	酒吧	451.0	卢湾区淮海中路1号柳林大厦6楼	7.7	7.9	8.2
57326	Shanghai Brewery	31.19314652165835	121.38350542273933	40.0	酒吧	114.0	闵行区虹梅路3338弄虹梅路休闲街21C	8.1	8.6	8.1
57405	世博洲际酒店酒坊	31.20127913903569	121.50081417569139	35.0	酒吧	119.0	浦东新区雪野路1188号世博洲际酒店内	7.2	8.0	8.1
59200	思酷巴潜水主题酒吧	31.2250450129995	121.46179465160374	30.0	酒吧	50.0	卢湾区巨鹿路158号大同坊5148室	6.6	7.1	7.4
59299	BEER MASTRE	31.17174313339655	121.41030545856599	30.0	酒吧	1142.0	徐汇区田林路109号	6.6	6.9	6.8
59792	外滩浦华大酒店老船长酒吧	31.253382423335218	121.49798552422669	45.0	酒吧	142.0	虹口区高阳路168号外滩浦华大酒店内	8.4	8.9	8.8
60752	Red Lips Bar	31.213744488871644	121.52822903276696	30.0	酒吧	127.0	浦东新区蓝村路9号	6.6	6.9	6.9
61100	Windows ScoreBoard	31.222773282422636	121.46431826544004	35.0	酒吧	71.0	卢湾区淮海中路527号锦江国际购物中心11楼	7.1	7.7	7.3
62611	The Roof	31.20799252540611	121.44634199707464	50.0	酒吧	123.0	徐汇区永嘉路570号永嘉庭5号楼4楼	9.0	9.1	9.0
62966	The Monkey Champagne	31.21819877846688	121.44946843535732	35.0	酒吧	108.0	徐汇区东湖路38号	6.9	7.8	7.3
62985	Lola	31.207753068606646	121.44656652919217	30.0	酒吧	129.0	徐汇区永嘉路570号永嘉庭4号楼	6.7	7.2	6.8
63108	玖悦葡萄酒国际会所	31.224490244145112	121.43803328321182	35.0	酒吧	40.0	静安区乌鲁木齐北路199号世纪时空大厦6楼	6.7	7.4	7.1
63130	第一风尚GAGA酒吧	31.184392644218054	121.43737152862367	35.0	酒吧	270.0	徐汇区天钥桥路666号八万人体育场内	6.8	7.3	7.2
63396	Piro Restaurant & Bar	31.218901847238254	121.44337450788949	40.0	酒吧	90.0	静安区常熟路89号	8.1	8.1	8.1
64292	元一希尔顿驿动大堂酒吧	31.189466776605986	121.3906354464775	35.0	酒吧	109.0	长宁区红松东路1116号虹桥元一希尔顿酒店	6.9	7.7	7.1
64482	秦汉明月音乐酒吧	31.29024608490107	121.5272493910085	30.0	酒吧	680.0	杨浦区永吉路9号翰昌天地3楼	6.6	7.1	6.8
64717	Lucky Star Coffee&Bar	31.275269747319875	121.47561938680117	35.0	酒吧	39.0	虹口区东体育会支路17号	7.0	7.2	7.8
65191	苏克音乐酒吧	31.11372983234186	121.38378706507413	30.0	酒吧	47.0	闵行区地铁南广场梅陇西路2074号	6.5	6.8	6.7
65315	红缇Wineshop&Lounge	31.21994207014729	121.4432140754278	35.0	酒吧	225.0	静安区巨鹿路909号	7.5	7.7	7.8
65910	Brownstone	31.207753068606646	121.44656652919217	45.0	酒吧	107.0	徐汇区永嘉路570号永嘉庭311单元	8.4	8.7	8.7
75154	悦台三号酒吧	31.274563435227492	121.4764823108247	35.0	酒吧	50.0	虹口区东江湾路444号虹口足球场3号楼梯下	7.3	7.8	7.8
75627	禧艺大厅酒吧	31.250949132677288	121.48473249647799	30.0	酒吧	39.0	虹口区吴淞路299号宝御酒店1楼	6.7	7.3	7.1
75986	羿庭	31.235792324525615	121.48657022792696	45.0	酒吧	232.0	黄浦区中山东一路2号华尔道夫酒店新塔楼	8.6	8.6	8.8
76162	A.T Bar	31.24715712700867	121.4865491822409	35.0	酒吧	59.0	虹口区大名路66 - 68号	7.0	7.1	7.3
76236	Sunset Bar	31.19324585060314	121.38302585435062	35.0	酒吧	113.0	闵行区虹梅路3338弄老外街21A号	7.5	8.0	7.3
76581	Salley Garden	31.208682074437068	121.44884777147	40.0	酒吧	78.0	徐汇区永嘉路480号	7.6	8.1	8.0
76633	嘉里酒店The BREW •酿	31.215160746226854	121.55913407087792	45.0	酒吧	181.0	浦东新区花木路1388号嘉里大酒店1楼	8.9	9.0	8.5
76763	The OZ	31.206261433407878	121.41371424755192	30.0	酒吧	44.0	长宁区凯旋路1156号	6.8	7.1	7.0
77310	窄门	31.302785692635815	121.49659027590693	30.0	酒吧	43.0	杨浦区武东路1号	6.5	6.8	6.9
77450	Lune Bar	31.218729506718272	121.44794977862233	35.0	酒吧	54.0	徐汇区新乐路218号4楼	7.0	7.5	7.5
80097	山缇	31.21551428127893	121.424703448018	35.0	酒吧	191.0	长宁区武夷路84号	7.0	7.5	7.5
80283	INFERNO	31.208650969534624	121.44878763089763	40.0	酒吧	53.0	徐汇区永嘉路480号弄内	7.8	8.1	8.4
80565	咏萄专卖店	31.2327704554314	121.43183184394861	40.0	酒吧	142.0	静安区泰州路200号	8.0	8.1	8.0
81981	迪龙酒吧	31.219626363793186	121.42473312585203	35.0	酒吧	46.0	长宁区宣化路62号	7.0	7.3	7.1
82454	TZ House 弹指之间音乐酒吧	31.22612493690404	121.43059050936084	45.0	酒吧	94.0	长宁区镇宁路525号一楼	8.4	8.5	8.7
82503	百特酒吧	31.228401988787372	121.55652723903928	35.0	酒吧	102.0	浦东新区浦东新区迎春路1199号上海证大丽笙酒店1楼	6.9	7.6	6.8
83125	Ture Love	31.207321291991722	121.44219302001424	30.0	酒吧	167.0	徐汇区衡山路10号欧登大厦2楼	6.7	7.0	7.1
83195	来因何酒吧	31.280320647164693	121.44716761622625	30.0	酒吧	31.0	闸北区共和新路2395弄大宁新天地61号	6.3	6.7	6.7
83849	MJ.98酒吧	31.230771181178532	121.49249770101643	30.0	酒吧	144.0	黄浦区中山东二路501号新十六铺商业区B112室	6.1	6.5	6.4
83973	亚太万豪酒店云景吧	31.223362087748253	121.39129212842494	35.0	酒吧	109.0	普陀区大渡河路158号新发展亚太万豪酒店33楼	6.9	7.8	7.7
84080	I Club	31.21935496069872	121.46272886291068	30.0	酒吧	400.0	卢湾区皋兰路2号甲复兴公园内	6.4	6.9	6.9
84097	Cheersin	31.212950368441053	121.45427095415445	40.0	酒吧	30.0	徐汇区永康路25号	8.3	8.1	8.1
84211	花样年华钢琴演艺会所	31.195537235793168	121.38641776521182	30.0	酒吧	283.0	长宁区荣华西道59号古北健身中心4楼	6.5	7.0	6.9
86087	XTD Elevated	31.223514282642714	121.46952415808106	40.0	酒吧	201.0	卢湾区马当路99号新天地朗廷酒店5楼	8.0	9.0	8.4
89983	酒悦国际酒廊	31.20981261649213	121.46479079487742	35.0	酒吧	84.0	卢湾区泰康路248号田子坊43铺	6.9	7.4	7.4
90310	KARTEL	31.222814120699837	121.44972365239593	40.0	酒吧	125.0	静安区襄阳北路1号5楼	8.0	8.8	8.1
91703	唯德居福	31.291459971681373	121.15448607982286	35.0	酒吧	83.0	嘉定区新源路55弄4号	6.9	7.2	7.1
92215	Craft	31.217893490492937	121.44974914017396	35.0	酒吧	115.0	徐汇区东湖路7号东湖宾馆2楼	7.0	7.4	7.9
92849	Haven Shanghai	31.213392171590755	121.50077299876314	40.0	酒吧	361.0	黄浦区中山南路1029号幸福码头3号楼	7.5	8.4	8.3
93874	Top Space Cafe & Lounge	31.220150125235477	121.44495182789503	35.0	酒吧	52.0	静安区巨鹿路889号18座	7.0	7.9	7.4
94164	Closless	31.223276559088717	121.45476134690212	40.0	酒吧	80.0	卢湾区进贤路169号	7.7	7.9	7.8
95301	Snow Bar	31.245753039503906	121.50038886070534	35.0	酒吧	70.0	浦东新区滨江大道富城路拾步街Käfer滨江壹号内	7.2	7.7	7.8
96201	Time Zipping House	31.22605502623392	121.43063558350745	30.0	酒吧	94.0	静安区镇宁路525号新东纺大酒店1楼	6.7	7.0	6.9
96703	罗斯福色戒酒吧	31.242479762944612	121.48536543188231	45.0	酒吧	163.0	黄浦区中山东一路27号罗斯福公馆9楼	7.9	9.3	8.4
97874	Rambler漫步者	31.21028983598211	121.46376770455524	35.0	酒吧	56.0	卢湾区建国中路155弄38号（泰康路田子坊内）	7.4	7.8	7.7
98674	爵士码头	31.251765255159693	121.48073863092876	35.0	酒吧	78.0	虹口区海宁路399号	6.8	7.2	7.1
98689	Arcade	31.21234941851866	121.44015844679897	40.0	酒吧	110.0	徐汇区复兴西路57号2楼	7.8	7.9	7.9
98749	Dr Beer	31.222522740802443	121.44587969217183	40.0	酒吧	119.0	静安区富民路83号	8.3	8.6	8.0
98795	Misael酒吧	31.212005540672987	121.43633724569881	35.0	酒吧	66.0	徐汇区武康路103号	7.1	7.6	7.5
99136	W&W 淳丰洋酒	31.23376355669612	121.45515146966244	35.0	酒吧	217.0	静安区北京西路779号	6.9	7.3	7.1
99347	Hollywood Shanghai	31.209382702835317	121.44730408373422	40.0	酒吧	133.0	徐汇区岳阳路46号	7.5	8.1	7.7
100257	Helens Bar	31.30326508068199	121.48975070432127	40.0	酒吧	51.0	杨浦区武川路49号2楼	7.9	8.1	7.7
100452	BAR Starry Night	31.230950215478593	121.55965386526177	35.0	酒吧	70.0	浦东新区丁香路1396号	6.9	7.2	7.1
101426	北美精华酒庄	31.235765918383777	121.43859336575136	35.0	酒吧	181.0	静安区常德路800号800秀园区A2-1楼	6.7	7.3	7.2
102461	Wood lounge	31.220497699918454	121.46161051123897	35.0	酒吧	41.0	卢湾区思南路30号4楼	7.0	7.9	7.6
102636	S-liwa Bar	31.234625841410114	121.39135111491802	35.0	酒吧	64.0	普陀区大渡河路839号	7.0	7.5	7.6
102952	Sonik Fly	31.207031939128157	121.4424836520378	35.0	酒吧	119.0	徐汇区衡山路191号	6.9	7.4	7.1
103908	DE REFTER比利时餐厅啤酒吧	31.223226987506834	121.45449064034688	50.0	酒吧	105.0	卢湾区进贤路181号	9.0	9.1	9.1
103952	The Room	31.22297781059309	121.44960835929182	30.0	酒吧	142.0	徐汇区襄阳北路1号2楼	6.7	7.3	7.0
104002	FOUNT BAR	31.207869292406567	121.44671285359894	40.0	酒吧	100.0	徐汇区永嘉路570号永嘉庭5号楼1楼511号	7.7	8.4	8.0
104006	Papas Bierstube	31.19264183548049	121.38218170673161	40.0	酒吧	112.0	闵行区3338弄虹梅休闲街22-24号（老外街）	8.1	8.1	8.1
104533	MOOK	31.233115059814047	121.45833013735526	40.0	酒吧	669.0	静安区南京西路758号5楼	8.0	8.3	8.5
107642	梨泰园酒吧	31.148165274524235	121.31255392198595	30.0	酒吧	74.0	松江区沪亭北路350弄贝尚湾商业街2楼	6.5	6.7	7.3
108561	Amber Lounge	31.218951667731965	121.43978714008976	35.0	酒吧	121.0	静安区华山路370号3楼	7.3	7.6	7.6
108688	Waterpub	31.04334561573589	121.25168974730377	30.0	酒吧	54.0	松江区文翔路58弄大学生体育馆内	6.7	7.1	6.9
108876	紫檀酒吧	31.32600191521556	121.45118328440908	35.0	酒吧	29.0	闸北区岭南路1170-1172号	6.8	7.1	7.2
109301	补丁BAR	31.274586074359814	121.40664525742892	35.0	酒吧	56.0	宝山区真华路950弄大华第一坊123号	7.1	7.1	7.2
109338	M55	31.19835971376462	121.38821620267831	30.0	酒吧	68.0	长宁区水城南路55号六月汇广场106B单元	6.7	7.0	7.0
110083	乡村路	31.221503530323105	121.44161058541341	35.0	酒吧	94.0	静安区华山路259号	7.0	7.5	7.5
110156	The Camel Sports Bar	31.22482866258624	121.51246406041433	35.0	酒吧	100.0	浦东新区潍坊西路116号	6.9	7.6	6.9
110165	555酒吧	31.20811393192287	121.38260995133392	30.0	酒吧	100.0	长宁区安龙路555号	6.7	7.2	7.1
111008	Ruby's Club	31.23722318536317	121.44859068797405	30.0	酒吧	224.0	静安区江宁路428号静安体育中心2楼	6.2	6.6	6.7
112295	PAPAYA BAR	31.220988022971596	121.44670169150587	45.0	酒吧	99.0	静安区富民路185号-2S室	8.6	8.5	9.0
112495	亚当酒吧	31.205953158766686	121.41935860989362	35.0	酒吧	70.0	长宁区新华路448-5号	7.2	7.1	7.9
112532	CLUB PLAYHOUSE	31.207361298854895	121.44220804783093	35.0	酒吧	236.0	徐汇区衡山路10号欧登大厦乙一楼	6.9	7.6	7.7
112668	Le Vin	31.21768768001265	121.44123013838654	50.0	酒吧	166.0	静安区长乐路936号	9.1	8.7	9.2
114190	Burdigala Bordeaux Wine Bar	31.23530355952158	121.44520707943164	50.0	酒吧	139.0	静安区武定路550号	9.0	8.9	9.1
114199	Side Bar 鸡尾酒飞镖酒吧	31.223190220067746	121.45549329100318	35.0	酒吧	107.0	卢湾区茂名南路56号56食尚谷内	7.2	7.8	7.7
114363	8898	31.04121122591394	121.20608636908361	30.0	酒吧	257.0	松江区新松江路1296号	6.7	7.0	7.0
116554	MUST Grill	31.232485850842323	121.44008655632216	40.0	酒吧	143.0	静安区武定路881号2号楼1楼	7.3	8.3	8.0
116763	UVA Wine Bar	31.237357705610055	121.4441646100045	50.0	酒吧	109.0	静安区陕西北路819号	9.2	9.2	9.1
117530	MT酒吧	31.212821963552855	121.51369945473864	30.0	酒吧	246.0	浦东新区浦建路15号	6.5	6.8	7.0
117926	简美酒吧	31.232593248994363	121.43161151412009	35.0	酒吧	70.0	静安区康定路1124号	6.8	7.1	7.1
118124	NEO BAR	31.298306834269436	121.50470499889542	40.0	酒吧	52.0	杨浦区国定路333号三号湾广场内	8.1	7.9	8.4
118844	GB据点	31.33117089577595	121.52556536297556	30.0	酒吧	116.0	杨浦区闸殷路181弄	6.6	6.9	6.9
119001	Ellen's Cafe	31.233926254221117	121.3966590038519	40.0	酒吧	51.0	普陀区怒江路366号2楼	8.0	8.2	8.2
119410	零听酒吧	31.135365404066196	121.39704747787226	35.0	酒吧	42.0	闵行区古方路76号南方休闲广场5楼	6.8	7.1	7.3
125945	IBIZA CLUB	31.23729209427265	121.44856061065026	35.0	酒吧	241.0	静安区江宁路428号静安体育中心1楼	7.5	8.0	7.6
126233	S1 Club	31.209378637361088	121.41952846854736	35.0	酒吧	80.0	长宁区定西路738号3楼	7.0	7.5	7.2
126761	The Office Live Music Bar	31.20884412863061	121.4640085437698	35.0	酒吧	61.0	卢湾区徐家汇路618号日月光中心广场1楼F09号铺	6.8	7.6	7.6
127419	Eddie's	31.193235948529185	121.40292181915346	40.0	酒吧	126.0	长宁区古羊路479号	8.0	8.4	8.4
127580	Senator Saloon	31.214982180627537	121.44251302417979	45.0	酒吧	107.0	徐汇区五原路98号	8.3	8.4	8.5
128377	Rainbow	31.166396432470556	121.33337047722053	30.0	酒吧	57.0	闵行区沪星路289弄顺恒广场21号	6.2	6.6	6.6
129014	Muse on the bund	31.242524114018014	121.48342868394586	45.0	酒吧	457.0	黄浦区北京东路99号益丰外滩源5楼	8.7	8.9	8.9
129936	LUNA BAR	31.243738894746507	121.35515747129695	35.0	酒吧	50.0	嘉定区金沙江路2890弄21号	6.9	7.2	7.2
130377	The Moment Bar	31.225797605210587	121.43672074121676	35.0	酒吧	55.0	静安区乌鲁木齐北路115号	7.0	7.4	7.4
130388	The Cape	31.241861737645543	121.44252672049544	40.0	酒吧	38.0	静安区江宁路861号102室	8.1	8.3	8.6
131135	上海衡山路十二号酒店Lobby Lounge灵动吧	31.20691084750133	121.44182228716303	30.0	酒吧	155.0	徐汇区衡山路12号豪华精选酒店1楼	6.4	7.1	6.7
131345	Sky100	31.180526788609622	121.36827021467775	35.0	酒吧	47.0	闵行区金汇路463弄金石广场28号D栋2楼	6.9	7.1	7.0
131510	Ms Chen's Restaurant & Bar	31.14177869996064	121.1199987707443	30.0	酒吧	90.0	青浦区外青松公路6666弄16号	6.7	7.1	6.9
132451	Tai wine	31.209824782047072	121.46445980354488	40.0	酒吧	111.0	卢湾区泰康路248弄田子坊38号	7.8	8.6	8.1
133350	Maya Club	31.21384092469718	121.4448481459481	35.0	酒吧	463.0	徐汇区淮海中路1329号云海大厦3楼	6.9	7.5	7.6
138667	I Am Here	30.92856550599821	121.4662793785507	35.0	酒吧	52.0	奉贤区奉贤运河北路96号	7.1	7.2	7.1
138970	Vino Tapas	31.219972776091883	121.44736330361779	45.0	酒吧	99.0	静安区富民路259号	8.2	9.0	8.7
139171	Jason's Bar	31.222962810961118	121.46536137771388	35.0	酒吧	76.0	卢湾区雁荡路6号	7.0	7.3	7.5
139349	Sorella Bar	31.19301112268308	121.40415793467515	35.0	酒吧	247.0	长宁区古羊路489号	7.2	7.5	7.8
139359	390 Shanghai	31.205990130256396	121.42498461680664	35.0	酒吧	63.0	长宁区番禺路390号	7.4	7.8	7.9
139452	Malabar 西班牙餐厅	31.23161026428819	121.43760185716872	45.0	酒吧	119.0	静安区武定路1081号	8.6	8.4	8.4
140117	Shanghai Sliders	31.212961554753935	121.45389998725068	40.0	酒吧	78.0	徐汇区永康路45号	7.7	7.9	8.0
140907	OhBar偶吧音乐餐厅	31.239074741535752	121.47014477643656	40.0	酒吧	102.0	黄浦区六合路158号1楼	7.9	7.9	8.0
140935	On Stage	31.201455327072278	121.41933898335719	35.0	酒吧	89.0	长宁区淮海西路570号红坊艺术文化社区A2	6.8	7.7	7.1
141428	CAS BAR	31.231577117790323	121.43749766637877	45.0	酒吧	117.0	静安区武定路1089号	8.3	9.0	8.6
145562	Y-in Lounge	31.22755131030548	121.46115860050843	40.0	酒吧	110.0	静安区大沽路392号	7.8	7.9	7.7
150664	Wine Connection Bar&Bistro	31.224233162158615	121.4359394719649	45.0	酒吧	111.0	静安区愚园路439号	8.5	8.6	8.9
150735	MOJITO HEAVEN	31.215499662888643	121.43037110356408	40.0	酒吧	89.0	徐汇区昭化东路130号	8.3	7.6	7.9
151522	CIGAR JAZZ WINE	31.22230725955024	121.47043714474596	35.0	酒吧	123.0	卢湾区太仓路181弄新天地北里	7.0	7.8	7.4
151788	TERROIR	31.23295887238625	121.44082799788796	30.0	酒吧	121.0	静安区武定路	6.8	7.3	7.0
152226	Space Cafe&Bar	31.206466243982774	121.41353411940075	30.0	酒吧	75.0	长宁区凯旋路1140号2楼	6.7	7.2	6.8
153219	C'est Zhazha巧克力小酒馆	31.230143646175012	121.52022076824332	45.0	酒吧	70.0	浦东新区东方路796号96广场1楼9号门	8.8	8.6	8.5
153432	CD1酒吧	31.23722318536317	121.44859068797405	30.0	酒吧	208.0	静安区江宁路428号静安体育中心2楼	6.8	7.1	7.1
153698	V1 Club	31.21993664673158	121.50262915359448	30.0	酒吧	485.0	黄浦区外马路601号	6.7	7.3	6.9
154098	LOTUS RED	31.23276623184826	121.48946069967567	40.0	酒吧	187.0	黄浦区中山东二路外滩22号5楼	7.7	8.6	8.8
154270	The Retreat Cafe & Bar	31.201483223017004	121.44282084217146	30.0	酒吧	35.0	徐汇区高安路101号	6.8	6.9	7.0
154318	元YUAN	31.222524388747715	121.44978883543487	45.0	酒吧	124.0	静安区襄阳北路17-2号	8.4	8.6	8.5
154547	MT 1839	31.137281454317673	121.35709300945308	35.0	酒吧	100.0	闵行区七莘路1839号财富108广场5楼	7.2	7.9	7.8
155669	Kens Bar	31.204144621393777	121.40332089137453	40.0	酒吧	141.0	长宁区延安西路2088号嘉顿广场A-129	8.1	8.3	8.4
156505	Lab whisky&cocktail	31.2315470602372	121.4374515835013	50.0	酒吧	116.0	静安区武定路1093号	9.0	9.0	8.9
157311	Bingo Lounge Bar	31.197622249519437	121.39415301773313	35.0	酒吧	108.0	长宁区黄金城道728号	7.3	7.7	7.6
157379	玛雅微电影俱乐部	31.21384092469718	121.4448481459481	35.0	酒吧	462.0	卢湾区淮海中路1732号云海大厦3楼	7.4	7.6	7.9
157679	Arkham俱乐部	31.209541766295008	121.44363086880459	35.0	酒吧	93.0	徐汇区乌鲁木齐南路1号	7.0	7.5	7.4
158120	JZ Latino	31.229517322417667	121.48352011425204	40.0	酒吧	91.0	黄浦区河南南路159号豫园万丽大酒店22楼(近福佑路)	7.8	8.5	8.1
158528	THE SHED	31.236378740685662	121.4455677905372	40.0	酒吧	84.0	静安区陕西北路698号	7.7	7.9	7.8
158872	Revolution Cocktail	31.212966182712652	121.45372954491607	30.0	酒吧	52.0	徐汇区永康路58号	6.8	7.2	7.0
159621	堂绘酒吧	31.386699875479724	121.24790113874829	30.0	酒吧	66.0	嘉定区东下塘街51号	6.6	6.9	6.9
160164	Bar XYZ	31.227592185476297	121.46152966568273	35.0	酒吧	84.0	静安区大沽路384号	7.2	7.9	7.8
160542	Project Wine	31.22188948273036	121.45017984172199	40.0	酒吧	114.0	静安区襄阳北路17号	7.8	8.6	8.0
160942	Shanghai Rose Bar	31.245339087609636	121.48420112558046	40.0	酒吧	99.0	黄浦区南苏州路76号	7.9	8.9	8.6
161676	POKERNUTS	31.18367395582018	121.39216013110229	45.0	酒吧	176.0	闵行区吴中路682号金虹桥广场C座103室	8.2	8.5	8.5
162737	RAT TAR ART BAR	31.224857417884984	121.44245203975868	40.0	酒吧	57.0	静安区南京西路1601号芮欧百货109室	7.4	9.0	8.2
163102	Iris Bar	31.227019880171703	121.43165206221728	30.0	酒吧	73.0	静安区万航渡路449号	6.7	7.0	7.0
163399	Friends酒吧	31.210626088764073	121.4631257803101	40.0	酒吧	53.0	卢湾区田子坊155弄25号	8.0	8.1	8.3
163440	汇吧	31.245644510108562	121.50285779797267	35.0	酒吧	121.0	浦东新区浦东南路111号文华东方酒店内	7.4	7.3	7.7
163618	Chair Club	31.16437656750001	121.50912725967045	35.0	酒吧	72.0	浦东新区东明路1778号	7.1	7.3	7.7
163777	In cafe cocktail	31.219829081711577	121.45097196732304	35.0	酒吧	49.0	卢湾区襄阳北路131弄4号	7.1	7.7	7.7
164431	菲比酒吧	31.043870794560505	121.20685733111026	30.0	酒吧	230.0	松江区新松江路1292号东明娱乐广场内	0.0	0.0	0.0
166266	单麦角	31.21302800039686	121.42423310469296	35.0	酒吧	70.0	长宁区延安西路1155号绿地豪生酒店1楼	7.0	7.2	7.4
168618	Magpie Cocktail Bar	31.211715523585074	121.45077217583449	35.0	酒吧	52.0	徐汇区永康路189号	7.5	7.6	7.8
168633	U CORNER BAR	31.24692964037219	121.48634849662103	30.0	酒吧	49.0	虹口区大名路62号	6.4	6.8	6.8
170814	斑马道艺术酒吧	31.024301700997267	121.64380473186912	35.0	酒吧	51.0	浦东新区新场镇新场大街375-379号	6.9	8.3	7.9
171947	Bar Fly	31.222693365575243	121.45316725408316	35.0	酒吧	76.0	卢湾区陕西南路35号6楼	6.9	7.3	7.2
172176	i Darts Club 飞镖酒吧	31.20698192816731	121.44246361440165	40.0	酒吧	159.0	徐汇区衡山路191号一楼	7.7	8.0	8.1
173459	The Public	31.215027532356665	121.45248617868012	45.0	酒吧	181.0	徐汇区襄阳南路174号2楼	8.3	8.6	8.5
174284	Mojo's (Oyster House)	31.224026805200484	121.43563294685677	40.0	酒吧	240.0	静安区愚园路441号	8.0	7.9	7.4
175093	Neigo	31.205264852156223	121.44136148382213	30.0	酒吧	215.0	徐汇区永嘉路701号	6.4	6.7	6.6
175165	Ayana制服酒吧	31.19360276687701	121.40186176844593	40.0	酒吧	258.0	长宁区古羊路300号-17	7.7	8.2	8.1
175366	Bar BANA	31.227635528991996	121.46168009658523	30.0	酒吧	64.0	静安区大沽路380号	6.7	7.1	7.0
177006	C-CLUB特色鸡尾酒	31.324157046336328	121.43961765751453	40.0	酒吧	20.0	宝山区共和新路5000弄绿地新都会广场仓酷6号601	8.4	7.8	8.3
177201	Avenue Joffre Bar	31.207849302043766	121.44671285533435	40.0	酒吧	129.0	徐汇区永嘉路570号永嘉庭5号楼1楼	8.1	8.5	8.4
177611	Spoon  Cozy Dining & Bar	31.22672575514495	121.43838375176045	30.0	酒吧	155.0	静安区北京西路1780号	6.6	7.1	7.3
177999	锐壹堂清酒寒舍	31.212573523410867	121.43906628814823	35.0	酒吧	101.0	徐汇区复兴西路76号	7.2	7.8	7.8
178002	静安香格里拉大堂酒廊	31.225420447655214	121.44644071151485	35.0	酒吧	145.0	静安区延安中路1218号	7.1	7.6	7.3
178276	原庐红酒吧	31.22050547815939	121.46152024991912	35.0	酒吧	92.0	卢湾区思南路30号4楼	7.0	7.6	7.2
178399	Sugary咖啡厅酒吧	31.20975990539989	121.47366861121412	40.0	酒吧	54.0	卢湾区蒙自东路29号地下115-118室	8.2	8.1	8.2
178774	Wine+ 酒沃	31.210417869677652	121.4433652236987	35.0	酒吧	132.0	徐汇区乌鲁木齐南路甲1号2楼	6.8	7.2	7.2
178931	Tops	31.25171716732354	121.50297771575855	45.0	酒吧	187.0	虹口区海平路19号外滩悦榕庄顶楼露台（近公平路）	8.1	9.4	8.3
179088	扎啤工厂 Tap House	31.212625329351955	121.45279216508956	35.0	酒吧	82.0	徐汇区永康路74号	7.0	7.5	7.7
179561	Connoisseur	31.209592678818986	121.44359578904404	40.0	酒吧	115.0	徐汇区乌鲁木齐南路1号	8.2	8.3	8.5
180290	The 5 point	31.22212486167023	121.41149162558516	35.0	酒吧	65.0	长宁区凯旋路166号凯旋坊2号楼2楼A座	7.1	7.8	7.8
180840	Gold Wheel Restaurant&wine	31.22307036557188	121.45553340812322	50.0	酒吧	166.0	卢湾区茂名南路56号-2	9.0	8.8	9.1
180978	MYST Club	31.22276567066074	121.4431737446717	40.0	酒吧	573.0	静安区延安中路1123号	8.1	8.6	8.2
181318	TheTurn转转酒吧	31.232890866422146	121.48458853985125	35.0	酒吧	97.0	黄浦区金陵东路68号	6.9	7.7	7.2
182545	V-Gear	31.24040990858654	121.48509466253975	35.0	酒吧	155.0	卢湾区顺昌路2号	6.9	7.2	7.2
182584	玖合女仆	31.22177918789043	121.40185931383144	30.0	酒吧	230.0	长宁区万航渡路2453号	6.6	6.9	6.8
182683	Walkers	31.209506660350964	121.46394830776633	35.0	酒吧	64.0	卢湾区泰康路248弄12号	7.1	7.7	7.5
182994	CYK 主题简吧	31.2193923258233	121.50276970777718	30.0	酒吧	67.0	黄浦区外马路601号3号库113A	6.7	7.2	6.8
185281	wesTside	31.305690733714343	121.50396670322046	35.0	酒吧	107.0	杨浦区大学路246号	6.9	7.9	7.0
186541	Luna's Cafe	31.316748308423655	121.3824406423703	30.0	酒吧	40.0	宝山区聚丰园路68号	6.8	7.0	6.8
186575	GT制服演艺酒吧	31.179306630663195	121.52536246353705	30.0	酒吧	125.0	浦东新区成山路1708号	6.7	7.0	7.2
186720	RT JAZZ BAR	31.208714575681803	121.38149098695817	35.0	酒吧	116.0	长宁区仙霞路691号2楼	7.2	7.6	7.5
187388	Drunk Uncle	31.236273308914768	121.45041918171894	45.0	酒吧	106.0	静安区昌化路46号	8.6	8.7	8.4
187445	THE  BOULEVARD	31.213273732964137	121.44513883796621	45.0	酒吧	158.0	徐汇区宝庆路10号7楼	8.4	8.8	8.7
188951	Mr Shaker	31.218225089932922	121.46888260184514	35.0	酒吧	51.0	黄浦区淡水路229弄1号	7.5	7.6	7.9
189013	上海世博洲际酒店行政酒廊	31.20041086867918	121.50058341521039	35.0	酒吧	920.0	卢湾区上海市浦东新区雪野路1188号上海世博洲际酒店	6.9	7.3	7.3
189587	BLingBLing女仆吧	31.21985081930494	121.39659024989652	40.0	酒吧	232.0	长宁区长宁路2035号	7.8	7.9	7.7
190648	O-Gossip	31.206358665533763	121.44037940629178	30.0	酒吧	92.0	徐汇区高安路18弄6号	6.6	7.1	6.9
190733	Red Corner红角	31.227934954046876	121.46273313549072	30.0	酒吧	101.0	静安区成都北路117号	6.7	7.1	6.9
190786	Angels Kiss Club	31.204519840462204	121.44054990670556	35.0	酒吧	129.0	徐汇区衡山路307号	6.9	7.3	7.2
191291	The Vint Cocktail & Whisky Lounge	31.227482697133503	121.46172022585269	35.0	酒吧	85.0	静安区静安区大沽路380号	6.8	7.3	7.3
191418	House	31.3061991586404	121.50651084443436	40.0	酒吧	60.0	杨浦区锦嘉路50号	7.3	7.9	8.0
191736	列宁格勒酒吧会所	31.242318579187582	121.47794998862179	35.0	酒吧	83.0	黄浦区北京东路398号新协通国际大酒店2楼	6.9	7.4	7.5
191879	CIRQUE LE SOIR	31.2328765377641	121.48958111793125	40.0	酒吧	459.0	黄浦区中山东二路外滩22号4楼	7.6	8.4	8.2
192126	Barolo wine house	31.21300300150908	121.4320438972832	45.0	酒吧	201.0	徐汇区华山路905弄（汇益花园）2号	8.6	9.1	9.0
192508	Le Rouge	31.21032256248257	121.44746437406722	30.0	酒吧	120.0	徐汇区岳阳路1号	6.8	7.1	7.0
192616	Ronchamp	31.212689902573555	121.45353907634171	40.0	酒吧	66.0	徐汇区永康路73-75号	7.7	7.9	8.3
193467	LOTUS Lounge	31.21840420978986	121.50324149650315	35.0	酒吧	234.0	黄浦区外马路667号	7.1	7.8	7.7
206607	Change Bar	31.0516460027403	121.20130777812997	30.0	酒吧	50.0	松江区文汇路716号樱花广场后身	6.8	7.1	7.0
208510	The Wolfpack	31.232876076938954	121.47908462480073	50.0	酒吧	54.0	黄浦区福建南路1号	9.0	9.0	9.1
212834	Yani Lounge Bar	31.2195997149111	121.4434846830942	45.0	酒吧	74.0	静安区常熟路83号2楼	8.8	8.6	9.0
213203	德国乡村酒吧	31.19329960642756	121.38330059619916	40.0	酒吧	153.0	闵行区虹梅路3338弄老外街	7.7	7.9	7.5
213284	12号	31.244637293559588	121.43821186980448	30.0	酒吧	100.0	普陀区陕西北路1392弄	6.8	7.1	7.0
214347	BAR MINI	31.218838119003294	121.46862173478125	40.0	酒吧	64.0	卢湾区淡水路248号	8.0	7.9	7.9
214641	ANATOLIA	31.21958358381653	121.46855145158746	40.0	酒吧	61.0	卢湾区淡水路200号	7.8	8.0	8.3
222061	弘基广场998酒吧	31.057545271634055	121.76098412378363	30.0	酒吧	57.0	浦东新区文益街85号	6.5	6.9	6.7
222078	The Vista Bar	31.2135045418964	121.51094962505044	30.0	酒吧	77.0	浦东新区塘桥新路175号1楼A室	6.8	7.1	7.0
222113	Epic	31.2121021919161	121.4340672825043	40.0	酒吧	94.0	徐汇区高邮路17号	7.9	7.9	8.1
222799	Mr Pitt Cocktail	31.235270617677976	121.44733691669968	50.0	酒吧	111.0	静安区陕西北路600-10号	9.1	9.2	9.1
255470	7号公路酒窖	31.107216547902386	121.40687988684546	35.0	酒吧	114.0	闵行区兴梅路1217号	6.8	7.2	7.1
257316	爵士码头小酒馆	31.296918846084886	121.15787213624581	30.0	酒吧	285.0	嘉定区安亭新镇安礼路258弄71号102室	6.7	7.0	7.0
257938	干杯	31.303000187104463	121.49644975049524	30.0	酒吧	55.0	杨浦区武东路19号	6.7	7.1	7.0
270385	托斯卡纳意大利餐厅酒吧	31.028130027660197	121.64219098130268	35.0	酒吧	42.0	浦东新区新场镇新场大街418号	6.8	7.2	7.2
272083	RiverSouth南方	31.11544277163275	121.04520971786306	35.0	酒吧	47.0	青浦区朱家角镇课植园路西镇大拇指广场599弄18号106	7.3	7.9	7.8
272215	CA CLUB	31.2226817647029	121.47031673095658	35.0	酒吧	196.0	黄浦区太仓路181弄15号	7.1	7.7	7.4
272752	The 7th Floor	31.22765551166638	121.47515193475056	40.0	酒吧	525.0	卢湾区淮海中路8号7楼	7.4	7.8	8.1
273683	Enight.C.Bar	31.215870896193092	121.46760884770988	45.0	酒吧	69.0	黄浦区合肥路588号	8.4	8.3	8.8
273973	角廊吧	31.306707315978223	121.50729863904482	40.0	酒吧	68.0	杨浦区大学路55号	7.8	8.1	8.1
301238	La Cava	31.211488265237133	121.45436131666692	30.0	酒吧	77.0	徐汇区永嘉路216号	6.6	7.0	7.0
302069	Limbo	31.210773558941842	121.4189878532406	35.0	酒吧	126.0	长宁区延安西路1394号	6.8	7.5	7.4
303706	Linx CLUB	31.22726058738662	121.4743844469956	35.0	酒吧	988.0	卢湾区淮海中路98号金钟广场1,2,3F	6.8	7.4	7.0
304941	Maia西餐酒吧	31.27800567495536	121.4795724061121	35.0	酒吧	51.0	虹口区东体育会路318号	6.8	7.8	7.1
305035	SEVEN PUB	31.247509431247813	121.3735968024722	35.0	酒吧	67.0	普陀区梅川路	7.3	7.6	7.6
315183	上海新天地安达仕酒店炫吧	31.224258346559882	121.47118936998994	40.0	酒吧	118.0	卢湾区嵩山路88号 上海新天地安达仕酒店1楼	7.7	8.2	8.1
316230	O Theatre	31.222888144994226	121.45584425324371	40.0	酒吧	131.0	卢湾区茂名南路57号2楼	8.0	8.2	8.2
317042	唐妃主题酒吧	31.217930737325958	121.44987945303357	40.0	酒吧	135.0	徐汇区东湖路7号左边胡同直走左转一楼	8.0	8.2	8.2
320582	SinguLarity	31.210354762791088	121.46334645365125	35.0	酒吧	83.0	卢湾区建国中路171号117室	7.1	7.5	7.4
320679	凌睿卡丁车俱乐部	31.20534564164499	121.50496884027969	35.0	酒吧	120.0	浦东新区世博大道138号凌睿试驾体验中心院内	6.9	7.3	7.3
321044	Room23	31.223589775879176	121.45888750982549	35.0	酒吧	97.0	静安区瑞金一路121弄23号	6.9	7.3	7.2
323782	爵夜红酒吧	31.226883804162508	121.56258019704737	40.0	酒吧	93.0	浦东新区柳杉路29号	7.5	7.9	7.8
331432	凯瑞西餐厅酒吧Carrie’s Bar	31.292148155753544	121.15474651636059	30.0	酒吧	90.0	嘉定区新源路100号	6.7	7.0	7.0
331591	Monkey CockTail	31.30994008579531	121.44297174159539	30.0	酒吧	22.0	闸北区闻喜路940号芒不颠甜品店内	6.8	7.1	6.9
335560	Something	30.91820856924772	121.4875245669772	30.0	酒吧	46.0	奉贤区奉贤区望园南路1588弄29号3楼邮政储蓄银行楼上3楼	6.5	6.9	6.7
335857	Cosmopolitan大都会	31.23381728819679	121.39672399546663	35.0	酒吧	31.0	普陀区金沙江路433号	7.3	7.5	7.7
336389	SAGA Bar	31.25485080109666	121.50531589518741	35.0	酒吧	60.0	虹口区霍山路55号	6.8	7.2	7.2
337625	禅LoungeBar	31.209815838681546	121.41394408126799	35.0	酒吧	46.0	长宁区法华镇路909号	7.3	7.7	7.6
338510	Chelsea & Co	31.210345551448185	121.44746437207165	35.0	酒吧	168.0	徐汇区岳阳路1号	6.9	7.1	7.1
340379	Follow559Bar	31.217169148932047	121.46238304081218	30.0	酒吧	73.0	卢湾区复兴中路559号	6.4	6.8	6.7
341193	C Food Oyster&Seafood Bar	31.210592663079925	121.46253806028304	30.0	酒吧	341.0	卢湾区建国中路169弄泰康庭1楼	6.6	7.0	6.9
341437	Neighbors	31.261781263201005	121.49548980507795	40.0	酒吧	84.0	虹口区公平路761号C区	8.1	8.2	8.6
343385	La Bamba	31.298477443809244	121.50493079990315	35.0	酒吧	39.0	杨浦区国定路333号三号湾广场2楼	6.9	7.5	7.3
343424	Starling	31.230746725568924	121.45550266263785	30.0	酒吧	85.0	静安区泰兴路89号	6.7	7.3	6.9
343668	EsTrella	31.21851527165683	121.46862176264652	30.0	酒吧	81.0	卢湾区淡水路230号	6.5	6.8	6.7
346614	Lost in Shanghai弥上	31.22730914592991	121.46020590008145	30.0	酒吧	84.0	静安区大沽路388号	6.8	7.0	7.0
347877	Speak Low	31.216733835810626	121.46134406734096	35.0	酒吧	190.0	徐汇区复兴中路579号	7.2	7.5	7.4
348779	July bar & restaurant	31.219137452099847	121.46994586313208	35.0	酒吧	46.0	卢湾区马当路328弄1号	7.4	7.2	7.2
350576	Logan's PUNCH	31.23056272132255	121.45546257189955	30.0	酒吧	123.0	静安区泰兴路99号张园A栋202	6.8	7.1	7.0
352727	Quincy Theme Bar	31.205622658778232	121.41846784134708	30.0	酒吧	144.0	长宁区定西路465号（近新华路）	6.7	7.0	6.9
352839	M18	31.240452445379052	121.48528532519995	35.0	酒吧	300.0	黄浦区中山东一路18号外滩十八号4楼	7.0	7.4	7.3
